{"offer": {"spam_result": 0.0013492241960872497, "ham_result": 0.0011086474501108647}, "money": {"spam_result": 0.00022487069934787497, "ham_result": 0.0010162601626016261}, "click": {"spam_result": 0.00028108837418484373, "ham_result": 0.0002771618625277162}, "open": {"spam_result": 0.00022487069934787497, "ham_result": 0.0005543237250554324}, "link": {"spam_result": 0.00033730604902181243, "ham_result": 0.0003695491500369549}, "prize": {"spam_result": 0.005059590735327187, "ham_result": 0.002771618625277162}, "remove": {"spam_result": 0.00022487069934787497, "ham_result": 0.0005543237250554324}, "win": {"spam_result": 0.003935237238587812, "ham_result": 0.002771618625277162}, "winner": {"spam_result": 0.0010119181470654374, "ham_result": 0.0006467110125646711}, "free": {"spam_result": 0.012930065212502811, "ham_result": 0.009053954175905396}, "prop_spam_emails": 0.3, "prob_ham_emails": 0.7}