{"offer": {"spam_result": 0.0013492241960872497, "ham_result": 8.635951465952762e-05}, "money": {"spam_result": 0.00022487069934787497, "ham_result": 0.0007628423794924939}, "click": {"spam_result": 0.00028108837418484373, "ham_result": 2.8786504886509203e-05}, "open": {"spam_result": 5.621767483696874e-05, "ham_result": 0.00023029203909207362}, "link": {"spam_result": 0.00033730604902181243, "ham_result": 5.7573009773018406e-05}, "prize": {"spam_result": 0.005059590735327187, "ham_result": 1.4393252443254601e-05}, "remove": {"spam_result": 0.00022487069934787497, "ham_result": 8.635951465952762e-05}, "win": {"spam_result": 0.0033730604902181245, "ham_result": 0.00015832577687580063}, "winner": {"spam_result": 0.0008994827973914999, "ham_result": 1.4393252443254601e-05}, "free": {"spam_result": 0.012030582415111311, "ham_result": 0.0008492018941520216}, "telephone": {"spam_result": 5.621767483696874e-05, "ham_result": 1.4393252443254601e-05}, "prop_spam_emails": 0.13406317300789664, "prob_ham_emails": 0.8659368269921034}
